id_user,Perf 3Y,Perf YTD,Perf 3M,Perf MTD
5,0.19848505642101566,0.0,0.03005679277863127,0.0
69,-0.3770527924121455,0.0,-0.3770527924121455,0.0
