id_user,Fee Effect 1Y,Fee Effect 3Y,Fee Effect 5Y,Fee Effect 10Y
5,0.1470771714270902,0.4405828816034574,0.7332258668894087,1.4610755320600632
